img,cls
../../data/train\art_antiques\435001.jpg,train\art_antiques
../../data/train\art_antiques\435002.jpg,train\art_antiques
../../data/train\art_antiques\435004.jpg,train\art_antiques
../../data/train\art_antiques\435005.jpg,train\art_antiques
../../data/train\art_antiques\435006.jpg,train\art_antiques
../../data/train\art_antiques\435007.jpg,train\art_antiques
../../data/train\art_antiques\435008.jpg,train\art_antiques
../../data/train\art_antiques\435010.jpg,train\art_antiques
../../data/train\art_antiques\435011.jpg,train\art_antiques
../../data/train\art_antiques\435012.jpg,train\art_antiques
../../data/train\art_antiques\435013.jpg,train\art_antiques
../../data/train\art_antiques\435014.jpg,train\art_antiques
../../data/train\art_antiques\435015.jpg,train\art_antiques
../../data/train\art_antiques\435016.jpg,train\art_antiques
../../data/train\art_antiques\435017.jpg,train\art_antiques
../../data/train\art_antiques\435018.jpg,train\art_antiques
../../data/train\art_antiques\435020.jpg,train\art_antiques
../../data/train\art_antiques\435021.jpg,train\art_antiques
../../data/train\art_antiques\435022.jpg,train\art_antiques
../../data/train\art_antiques\435024.jpg,train\art_antiques
../../data/train\art_antiques\435025.jpg,train\art_antiques
../../data/train\art_antiques\435026.jpg,train\art_antiques
../../data/train\art_antiques\435027.jpg,train\art_antiques
../../data/train\art_antiques\435028.jpg,train\art_antiques
../../data/train\art_antiques\435029.jpg,train\art_antiques
../../data/train\art_antiques\435030.jpg,train\art_antiques
../../data/train\art_antiques\435031.jpg,train\art_antiques
../../data/train\art_antiques\435032.jpg,train\art_antiques
../../data/train\art_antiques\435034.jpg,train\art_antiques
../../data/train\art_antiques\435036.jpg,train\art_antiques
../../data/train\art_antiques\435037.jpg,train\art_antiques
../../data/train\art_antiques\435039.jpg,train\art_antiques
../../data/train\art_antiques\435040.jpg,train\art_antiques
../../data/train\art_antiques\435041.jpg,train\art_antiques
../../data/train\art_antiques\435042.jpg,train\art_antiques
../../data/train\art_antiques\435043.jpg,train\art_antiques
../../data/train\art_antiques\435045.jpg,train\art_antiques
../../data/train\art_antiques\435047.jpg,train\art_antiques
../../data/train\art_antiques\435048.jpg,train\art_antiques
../../data/train\art_antiques\435049.jpg,train\art_antiques
../../data/train\art_antiques\435050.jpg,train\art_antiques
../../data/train\art_antiques\435051.jpg,train\art_antiques
../../data/train\art_antiques\435053.jpg,train\art_antiques
../../data/train\art_antiques\435054.jpg,train\art_antiques
../../data/train\art_antiques\435055.jpg,train\art_antiques
../../data/train\art_antiques\435056.jpg,train\art_antiques
../../data/train\art_antiques\435058.jpg,train\art_antiques
../../data/train\art_antiques\435059.jpg,train\art_antiques
../../data/train\art_antiques\435060.jpg,train\art_antiques
../../data/train\art_antiques\435061.jpg,train\art_antiques
../../data/train\art_antiques\435063.jpg,train\art_antiques
../../data/train\art_antiques\435064.jpg,train\art_antiques
../../data/train\art_antiques\435066.jpg,train\art_antiques
../../data/train\art_antiques\435067.jpg,train\art_antiques
../../data/train\art_antiques\435068.jpg,train\art_antiques
../../data/train\art_antiques\435069.jpg,train\art_antiques
../../data/train\art_antiques\435070.jpg,train\art_antiques
../../data/train\art_antiques\435071.jpg,train\art_antiques
../../data/train\art_antiques\435072.jpg,train\art_antiques
../../data/train\art_antiques\435073.jpg,train\art_antiques
../../data/train\art_antiques\435075.jpg,train\art_antiques
../../data/train\art_antiques\435076.jpg,train\art_antiques
../../data/train\art_antiques\435078.jpg,train\art_antiques
../../data/train\art_antiques\435079.jpg,train\art_antiques
../../data/train\art_antiques\435080.jpg,train\art_antiques
../../data/train\art_antiques\435082.jpg,train\art_antiques
../../data/train\art_antiques\435083.jpg,train\art_antiques
../../data/train\art_antiques\435084.jpg,train\art_antiques
../../data/train\art_antiques\435085.jpg,train\art_antiques
../../data/train\art_antiques\435086.jpg,train\art_antiques
../../data/train\art_antiques\435087.jpg,train\art_antiques
../../data/train\art_antiques\435088.jpg,train\art_antiques
../../data/train\art_antiques\435089.jpg,train\art_antiques
../../data/train\art_antiques\435091.jpg,train\art_antiques
../../data/train\art_antiques\435093.jpg,train\art_antiques
../../data/train\art_antiques\435094.jpg,train\art_antiques
../../data/train\art_antiques\435095.jpg,train\art_antiques
../../data/train\art_antiques\435097.jpg,train\art_antiques
../../data/train\art_antiques\435098.jpg,train\art_antiques
../../data/train\art_antiques\435099.jpg,train\art_antiques
../../data/train\art_mural\554000.jpg,train\art_mural
../../data/train\art_mural\554002.jpg,train\art_mural
../../data/train\art_mural\554003.jpg,train\art_mural
../../data/train\art_mural\554004.jpg,train\art_mural
../../data/train\art_mural\554005.jpg,train\art_mural
../../data/train\art_mural\554007.jpg,train\art_mural
../../data/train\art_mural\554008.jpg,train\art_mural
../../data/train\art_mural\554009.jpg,train\art_mural
../../data/train\art_mural\554011.jpg,train\art_mural
../../data/train\art_mural\554012.jpg,train\art_mural
../../data/train\art_mural\554013.jpg,train\art_mural
../../data/train\art_mural\554014.jpg,train\art_mural
../../data/train\art_mural\554015.jpg,train\art_mural
../../data/train\art_mural\554016.jpg,train\art_mural
../../data/train\art_mural\554017.jpg,train\art_mural
../../data/train\art_mural\554019.jpg,train\art_mural
../../data/train\art_mural\554020.jpg,train\art_mural
../../data/train\art_mural\554021.jpg,train\art_mural
../../data/train\art_mural\554022.jpg,train\art_mural
../../data/train\art_mural\554023.jpg,train\art_mural
../../data/train\art_mural\554025.jpg,train\art_mural
../../data/train\art_mural\554026.jpg,train\art_mural
../../data/train\art_mural\554027.jpg,train\art_mural
../../data/train\art_mural\554028.jpg,train\art_mural
../../data/train\art_mural\554029.jpg,train\art_mural
../../data/train\art_mural\554031.jpg,train\art_mural
../../data/train\art_mural\554032.jpg,train\art_mural
../../data/train\art_mural\554033.jpg,train\art_mural
../../data/train\art_mural\554034.jpg,train\art_mural
../../data/train\art_mural\554035.jpg,train\art_mural
../../data/train\art_mural\554036.jpg,train\art_mural
../../data/train\art_mural\554037.jpg,train\art_mural
../../data/train\art_mural\554039.jpg,train\art_mural
../../data/train\art_mural\554040.jpg,train\art_mural
../../data/train\art_mural\554042.jpg,train\art_mural
../../data/train\art_mural\554044.jpg,train\art_mural
../../data/train\art_mural\554045.jpg,train\art_mural
../../data/train\art_mural\554046.jpg,train\art_mural
../../data/train\art_mural\554048.jpg,train\art_mural
../../data/train\art_mural\554049.jpg,train\art_mural
../../data/train\art_mural\554050.jpg,train\art_mural
../../data/train\art_mural\554052.jpg,train\art_mural
../../data/train\art_mural\554053.jpg,train\art_mural
../../data/train\art_mural\554054.jpg,train\art_mural
../../data/train\art_mural\554055.jpg,train\art_mural
../../data/train\art_mural\554056.jpg,train\art_mural
../../data/train\art_mural\554057.jpg,train\art_mural
../../data/train\art_mural\554058.jpg,train\art_mural
../../data/train\art_mural\554060.jpg,train\art_mural
../../data/train\art_mural\554061.jpg,train\art_mural
../../data/train\art_mural\554062.jpg,train\art_mural
../../data/train\art_mural\554064.jpg,train\art_mural
../../data/train\art_mural\554065.jpg,train\art_mural
../../data/train\art_mural\554067.jpg,train\art_mural
../../data/train\art_mural\554069.jpg,train\art_mural
../../data/train\art_mural\554070.jpg,train\art_mural
../../data/train\art_mural\554071.jpg,train\art_mural
../../data/train\art_mural\554072.jpg,train\art_mural
../../data/train\art_mural\554073.jpg,train\art_mural
../../data/train\art_mural\554075.jpg,train\art_mural
../../data/train\art_mural\554076.jpg,train\art_mural
../../data/train\art_mural\554077.jpg,train\art_mural
../../data/train\art_mural\554079.jpg,train\art_mural
../../data/train\art_mural\554080.jpg,train\art_mural
../../data/train\art_mural\554081.jpg,train\art_mural
../../data/train\art_mural\554082.jpg,train\art_mural
../../data/train\art_mural\554083.jpg,train\art_mural
../../data/train\art_mural\554084.jpg,train\art_mural
../../data/train\art_mural\554085.jpg,train\art_mural
../../data/train\art_mural\554086.jpg,train\art_mural
../../data/train\art_mural\554088.jpg,train\art_mural
../../data/train\art_mural\554089.jpg,train\art_mural
../../data/train\art_mural\554090.jpg,train\art_mural
../../data/train\art_mural\554091.jpg,train\art_mural
../../data/train\art_mural\554092.jpg,train\art_mural
../../data/train\art_mural\554093.jpg,train\art_mural
../../data/train\art_mural\554094.jpg,train\art_mural
../../data/train\art_mural\554095.jpg,train\art_mural
../../data/train\art_mural\554097.jpg,train\art_mural
../../data/train\art_mural\554098.jpg,train\art_mural
../../data/train\bld_sculpt\470003.jpg,train\bld_sculpt
../../data/train\bld_sculpt\470010.jpg,train\bld_sculpt
../../data/train\bld_sculpt\470012.jpg,train\bld_sculpt
../../data/train\bld_sculpt\470016.jpg,train\bld_sculpt
../../data/train\bld_sculpt\470017.jpg,train\bld_sculpt
../../data/train\bld_sculpt\470019.jpg,train\bld_sculpt
../../data/train\bld_sculpt\470021.jpg,train\bld_sculpt
../../data/train\bld_sculpt\470023.jpg,train\bld_sculpt
../../data/train\bld_sculpt\470024.jpg,train\bld_sculpt
../../data/train\bld_sculpt\470026.jpg,train\bld_sculpt
../../data/train\bld_sculpt\470027.jpg,train\bld_sculpt
../../data/train\bld_sculpt\470032.jpg,train\bld_sculpt
../../data/train\bld_sculpt\470033.jpg,train\bld_sculpt
../../data/train\bld_sculpt\470035.jpg,train\bld_sculpt
../../data/train\bld_sculpt\470036.jpg,train\bld_sculpt
../../data/train\bld_sculpt\470037.jpg,train\bld_sculpt
../../data/train\bld_sculpt\470038.jpg,train\bld_sculpt
../../data/train\bld_sculpt\470039.jpg,train\bld_sculpt
../../data/train\bld_sculpt\470040.jpg,train\bld_sculpt
../../data/train\bld_sculpt\470041.jpg,train\bld_sculpt
../../data/train\bld_sculpt\470043.jpg,train\bld_sculpt
../../data/train\bld_sculpt\470044.jpg,train\bld_sculpt
../../data/train\bld_sculpt\470045.jpg,train\bld_sculpt
../../data/train\bld_sculpt\470046.jpg,train\bld_sculpt
../../data/train\bld_sculpt\470047.jpg,train\bld_sculpt
../../data/train\bld_sculpt\470049.jpg,train\bld_sculpt
../../data/train\bld_sculpt\470050.jpg,train\bld_sculpt
../../data/train\bld_sculpt\470051.jpg,train\bld_sculpt
../../data/train\bld_sculpt\470053.jpg,train\bld_sculpt
../../data/train\bld_sculpt\470054.jpg,train\bld_sculpt
../../data/train\bld_sculpt\470055.jpg,train\bld_sculpt
../../data/train\bld_sculpt\470056.jpg,train\bld_sculpt
../../data/train\bld_sculpt\470058.jpg,train\bld_sculpt
../../data/train\bld_sculpt\470059.jpg,train\bld_sculpt
../../data/train\bld_sculpt\470060.jpg,train\bld_sculpt
../../data/train\bld_sculpt\470062.jpg,train\bld_sculpt
../../data/train\bld_sculpt\470063.jpg,train\bld_sculpt
../../data/train\bld_sculpt\470064.jpg,train\bld_sculpt
../../data/train\bld_sculpt\470066.jpg,train\bld_sculpt
../../data/train\bld_sculpt\470067.jpg,train\bld_sculpt
../../data/train\bld_sculpt\470068.jpg,train\bld_sculpt
../../data/train\bld_sculpt\470069.jpg,train\bld_sculpt
../../data/train\bld_sculpt\470071.jpg,train\bld_sculpt
../../data/train\bld_sculpt\470074.jpg,train\bld_sculpt
../../data/train\bld_sculpt\470075.jpg,train\bld_sculpt
../../data/train\bld_sculpt\470076.jpg,train\bld_sculpt
../../data/train\bld_sculpt\470077.jpg,train\bld_sculpt
../../data/train\bld_sculpt\470079.jpg,train\bld_sculpt
../../data/train\bld_sculpt\470080.jpg,train\bld_sculpt
../../data/train\bld_sculpt\470081.jpg,train\bld_sculpt
../../data/train\bld_sculpt\470082.jpg,train\bld_sculpt
../../data/train\bld_sculpt\470083.jpg,train\bld_sculpt
../../data/train\bld_sculpt\470084.jpg,train\bld_sculpt
../../data/train\bld_sculpt\470085.jpg,train\bld_sculpt
../../data/train\bld_sculpt\470086.jpg,train\bld_sculpt
../../data/train\bld_sculpt\470088.jpg,train\bld_sculpt
../../data/train\bld_sculpt\470089.jpg,train\bld_sculpt
../../data/train\bld_sculpt\470091.jpg,train\bld_sculpt
../../data/train\bld_sculpt\470092.jpg,train\bld_sculpt
../../data/train\bld_sculpt\470093.jpg,train\bld_sculpt
../../data/train\bld_sculpt\470094.jpg,train\bld_sculpt
../../data/train\bld_sculpt\470096.jpg,train\bld_sculpt
../../data/train\bld_sculpt\470097.jpg,train\bld_sculpt
../../data/train\bld_sculpt\470098.jpg,train\bld_sculpt
../../data/train\bld_sculpt\470099.jpg,train\bld_sculpt
../../data/train\bld_sculpt\665007.jpg,train\bld_sculpt
../../data/train\bld_sculpt\665016.jpg,train\bld_sculpt
../../data/train\bld_sculpt\665019.jpg,train\bld_sculpt
../../data/train\bld_sculpt\665022.jpg,train\bld_sculpt
../../data/train\bld_sculpt\665024.jpg,train\bld_sculpt
../../data/train\bld_sculpt\665044.jpg,train\bld_sculpt
../../data/train\bld_sculpt\665046.jpg,train\bld_sculpt
../../data/train\bld_sculpt\665047.jpg,train\bld_sculpt
../../data/train\bld_sculpt\665048.jpg,train\bld_sculpt
../../data/train\bld_sculpt\665049.jpg,train\bld_sculpt
../../data/train\bld_sculpt\665050.jpg,train\bld_sculpt
../../data/train\bld_sculpt\665055.jpg,train\bld_sculpt
../../data/train\bld_sculpt\665058.jpg,train\bld_sculpt
../../data/train\bld_sculpt\665060.jpg,train\bld_sculpt
../../data/train\bld_sculpt\665063.jpg,train\bld_sculpt
../../data/train\bld_sculpt\665064.jpg,train\bld_sculpt
../../data/train\bld_sculpt\665065.jpg,train\bld_sculpt
../../data/train\bld_sculpt\665066.jpg,train\bld_sculpt
../../data/train\bld_sculpt\665069.jpg,train\bld_sculpt
../../data/train\bld_sculpt\665070.jpg,train\bld_sculpt
../../data/train\bld_sculpt\665075.jpg,train\bld_sculpt
../../data/train\bld_sculpt\665078.jpg,train\bld_sculpt
../../data/train\bld_sculpt\665082.jpg,train\bld_sculpt
../../data/train\bld_sculpt\665087.jpg,train\bld_sculpt
../../data/train\bld_sculpt\665088.jpg,train\bld_sculpt
../../data/train\bld_sculpt\665097.jpg,train\bld_sculpt
../../data/train\bld_sculpt\666000.jpg,train\bld_sculpt
../../data/train\bld_sculpt\666002.jpg,train\bld_sculpt
../../data/train\bld_sculpt\666003.jpg,train\bld_sculpt
../../data/train\bld_sculpt\666004.jpg,train\bld_sculpt
../../data/train\bld_sculpt\666005.jpg,train\bld_sculpt
../../data/train\bld_sculpt\666006.jpg,train\bld_sculpt
../../data/train\bld_sculpt\666008.jpg,train\bld_sculpt
../../data/train\bld_sculpt\666009.jpg,train\bld_sculpt
../../data/train\bld_sculpt\666010.jpg,train\bld_sculpt
../../data/train\bld_sculpt\666014.jpg,train\bld_sculpt
../../data/train\bld_sculpt\666015.jpg,train\bld_sculpt
../../data/train\bld_sculpt\666016.jpg,train\bld_sculpt
../../data/train\bld_sculpt\666017.jpg,train\bld_sculpt
../../data/train\bld_sculpt\666019.jpg,train\bld_sculpt
../../data/train\bld_sculpt\666021.jpg,train\bld_sculpt
../../data/train\bld_sculpt\666022.jpg,train\bld_sculpt
../../data/train\bld_sculpt\666023.jpg,train\bld_sculpt
../../data/train\bld_sculpt\666024.jpg,train\bld_sculpt
../../data/train\bld_sculpt\666025.jpg,train\bld_sculpt
../../data/train\bld_sculpt\666026.jpg,train\bld_sculpt
../../data/train\bld_sculpt\666028.jpg,train\bld_sculpt
../../data/train\bld_sculpt\666029.jpg,train\bld_sculpt
../../data/train\bld_sculpt\666030.jpg,train\bld_sculpt
../../data/train\bld_sculpt\666031.jpg,train\bld_sculpt
../../data/train\bld_sculpt\666032.jpg,train\bld_sculpt
../../data/train\bld_sculpt\666033.jpg,train\bld_sculpt
../../data/train\bld_sculpt\666034.jpg,train\bld_sculpt
../../data/train\bld_sculpt\666038.jpg,train\bld_sculpt
../../data/train\bld_sculpt\666039.jpg,train\bld_sculpt
../../data/train\bld_sculpt\666041.jpg,train\bld_sculpt
../../data/train\bld_sculpt\666042.jpg,train\bld_sculpt
../../data/train\bld_sculpt\666044.jpg,train\bld_sculpt
../../data/train\bld_sculpt\666046.jpg,train\bld_sculpt
../../data/train\bld_sculpt\666047.jpg,train\bld_sculpt
../../data/train\bld_sculpt\666048.jpg,train\bld_sculpt
../../data/train\bld_sculpt\666049.jpg,train\bld_sculpt
../../data/train\bld_sculpt\666053.jpg,train\bld_sculpt
../../data/train\bld_sculpt\666054.jpg,train\bld_sculpt
../../data/train\bld_sculpt\666056.jpg,train\bld_sculpt
../../data/train\bld_sculpt\666057.jpg,train\bld_sculpt
../../data/train\bld_sculpt\666059.jpg,train\bld_sculpt
../../data/train\bld_sculpt\666061.jpg,train\bld_sculpt
../../data/train\bld_sculpt\666062.jpg,train\bld_sculpt
../../data/train\bld_sculpt\666063.jpg,train\bld_sculpt
../../data/train\bld_sculpt\666064.jpg,train\bld_sculpt
../../data/train\bld_sculpt\666065.jpg,train\bld_sculpt
../../data/train\bld_sculpt\666066.jpg,train\bld_sculpt
../../data/train\bld_sculpt\666069.jpg,train\bld_sculpt
../../data/train\bld_sculpt\666070.jpg,train\bld_sculpt
../../data/train\bld_sculpt\666071.jpg,train\bld_sculpt
../../data/train\bld_sculpt\666073.jpg,train\bld_sculpt
../../data/train\bld_sculpt\666075.jpg,train\bld_sculpt
../../data/train\bld_sculpt\666076.jpg,train\bld_sculpt
../../data/train\bld_sculpt\666077.jpg,train\bld_sculpt
../../data/train\bld_sculpt\666079.jpg,train\bld_sculpt
../../data/train\bld_sculpt\666081.jpg,train\bld_sculpt
../../data/train\bld_sculpt\666082.jpg,train\bld_sculpt
../../data/train\bld_sculpt\666083.jpg,train\bld_sculpt
../../data/train\bld_sculpt\666084.jpg,train\bld_sculpt
../../data/train\bld_sculpt\666085.jpg,train\bld_sculpt
../../data/train\bld_sculpt\666086.jpg,train\bld_sculpt
../../data/train\bld_sculpt\666088.jpg,train\bld_sculpt
../../data/train\bld_sculpt\666090.jpg,train\bld_sculpt
../../data/train\bld_sculpt\666091.jpg,train\bld_sculpt
../../data/train\bld_sculpt\666093.jpg,train\bld_sculpt
../../data/train\bld_sculpt\666094.jpg,train\bld_sculpt
../../data/train\bld_sculpt\666095.jpg,train\bld_sculpt
../../data/train\bld_sculpt\666097.jpg,train\bld_sculpt
../../data/train\bld_sculpt\666098.jpg,train\bld_sculpt
../../data/train\fitness\280000.jpg,train\fitness
../../data/train\fitness\280002.jpg,train\fitness
../../data/train\fitness\280003.jpg,train\fitness
../../data/train\fitness\280004.jpg,train\fitness
../../data/train\fitness\280005.jpg,train\fitness
../../data/train\fitness\280006.jpg,train\fitness
../../data/train\fitness\280007.jpg,train\fitness
../../data/train\fitness\280008.jpg,train\fitness
../../data/train\fitness\280009.jpg,train\fitness
../../data/train\fitness\280011.jpg,train\fitness
../../data/train\fitness\280012.jpg,train\fitness
../../data/train\fitness\280013.jpg,train\fitness
../../data/train\fitness\280014.jpg,train\fitness
../../data/train\fitness\280015.jpg,train\fitness
../../data/train\fitness\280017.jpg,train\fitness
../../data/train\fitness\280018.jpg,train\fitness
../../data/train\fitness\280019.jpg,train\fitness
../../data/train\fitness\280020.jpg,train\fitness
../../data/train\fitness\280021.jpg,train\fitness
../../data/train\fitness\280022.jpg,train\fitness
../../data/train\fitness\280023.jpg,train\fitness
../../data/train\fitness\280024.jpg,train\fitness
../../data/train\fitness\280026.jpg,train\fitness
../../data/train\fitness\280027.jpg,train\fitness
../../data/train\fitness\280028.jpg,train\fitness
../../data/train\fitness\280029.jpg,train\fitness
../../data/train\fitness\280030.jpg,train\fitness
../../data/train\fitness\280031.jpg,train\fitness
../../data/train\fitness\280032.jpg,train\fitness
../../data/train\fitness\280034.jpg,train\fitness
../../data/train\fitness\280035.jpg,train\fitness
../../data/train\fitness\280036.jpg,train\fitness
../../data/train\fitness\280038.jpg,train\fitness
../../data/train\fitness\280040.jpg,train\fitness
../../data/train\fitness\280041.jpg,train\fitness
../../data/train\fitness\280042.jpg,train\fitness
../../data/train\fitness\280043.jpg,train\fitness
../../data/train\fitness\280044.jpg,train\fitness
../../data/train\fitness\280046.jpg,train\fitness
../../data/train\fitness\280047.jpg,train\fitness
../../data/train\fitness\280048.jpg,train\fitness
../../data/train\fitness\280049.jpg,train\fitness
../../data/train\fitness\280050.jpg,train\fitness
../../data/train\fitness\280051.jpg,train\fitness
../../data/train\fitness\280052.jpg,train\fitness
../../data/train\fitness\280054.jpg,train\fitness
../../data/train\fitness\280055.jpg,train\fitness
../../data/train\fitness\280056.jpg,train\fitness
../../data/train\fitness\280058.jpg,train\fitness
../../data/train\fitness\280059.jpg,train\fitness
../../data/train\fitness\280061.jpg,train\fitness
../../data/train\fitness\280062.jpg,train\fitness
../../data/train\fitness\280063.jpg,train\fitness
../../data/train\fitness\280064.jpg,train\fitness
../../data/train\fitness\280065.jpg,train\fitness
../../data/train\fitness\280067.jpg,train\fitness
../../data/train\fitness\280068.jpg,train\fitness
../../data/train\fitness\280069.jpg,train\fitness
../../data/train\fitness\280070.jpg,train\fitness
../../data/train\fitness\280071.jpg,train\fitness
../../data/train\fitness\280073.jpg,train\fitness
../../data/train\fitness\280074.jpg,train\fitness
../../data/train\fitness\280075.jpg,train\fitness
../../data/train\fitness\280077.jpg,train\fitness
../../data/train\fitness\280079.jpg,train\fitness
../../data/train\fitness\280080.jpg,train\fitness
../../data/train\fitness\280082.jpg,train\fitness
../../data/train\fitness\280083.jpg,train\fitness
../../data/train\fitness\280085.jpg,train\fitness
../../data/train\fitness\280086.jpg,train\fitness
../../data/train\fitness\280088.jpg,train\fitness
../../data/train\fitness\280089.jpg,train\fitness
../../data/train\fitness\280090.jpg,train\fitness
../../data/train\fitness\280091.jpg,train\fitness
../../data/train\fitness\280092.jpg,train\fitness
../../data/train\fitness\280094.jpg,train\fitness
../../data/train\fitness\280095.jpg,train\fitness
../../data/train\fitness\280096.jpg,train\fitness
../../data/train\fitness\280098.jpg,train\fitness
../../data/train\fitness\280099.jpg,train\fitness
../../data/train\fitness\282000.jpg,train\fitness
../../data/train\fitness\282002.jpg,train\fitness
../../data/train\fitness\282003.jpg,train\fitness
../../data/train\fitness\282004.jpg,train\fitness
../../data/train\fitness\282005.jpg,train\fitness
../../data/train\fitness\282006.jpg,train\fitness
../../data/train\fitness\282008.jpg,train\fitness
../../data/train\fitness\282009.jpg,train\fitness
../../data/train\fitness\282011.jpg,train\fitness
../../data/train\fitness\282012.jpg,train\fitness
../../data/train\fitness\282014.jpg,train\fitness
../../data/train\fitness\282015.jpg,train\fitness
../../data/train\fitness\282016.jpg,train\fitness
../../data/train\fitness\282017.jpg,train\fitness
../../data/train\fitness\282018.jpg,train\fitness
../../data/train\fitness\282019.jpg,train\fitness
../../data/train\fitness\282020.jpg,train\fitness
../../data/train\fitness\282021.jpg,train\fitness
../../data/train\fitness\282022.jpg,train\fitness
../../data/train\fitness\282024.jpg,train\fitness
../../data/train\fitness\282025.jpg,train\fitness
../../data/train\fitness\282027.jpg,train\fitness
../../data/train\fitness\282028.jpg,train\fitness
../../data/train\fitness\282030.jpg,train\fitness
../../data/train\fitness\282031.jpg,train\fitness
../../data/train\fitness\282032.jpg,train\fitness
../../data/train\fitness\282033.jpg,train\fitness
../../data/train\fitness\282034.jpg,train\fitness
../../data/train\fitness\282035.jpg,train\fitness
../../data/train\fitness\282036.jpg,train\fitness
../../data/train\fitness\282037.jpg,train\fitness
../../data/train\fitness\282038.jpg,train\fitness
../../data/train\fitness\282039.jpg,train\fitness
../../data/train\fitness\282040.jpg,train\fitness
../../data/train\fitness\282041.jpg,train\fitness
../../data/train\fitness\282043.jpg,train\fitness
../../data/train\fitness\282045.jpg,train\fitness
../../data/train\fitness\282046.jpg,train\fitness
../../data/train\fitness\282047.jpg,train\fitness
../../data/train\fitness\282048.jpg,train\fitness
../../data/train\fitness\282049.jpg,train\fitness
../../data/train\fitness\282050.jpg,train\fitness
../../data/train\fitness\282051.jpg,train\fitness
../../data/train\fitness\282052.jpg,train\fitness
../../data/train\fitness\282053.jpg,train\fitness
../../data/train\fitness\282054.jpg,train\fitness
../../data/train\fitness\282055.jpg,train\fitness
../../data/train\fitness\282056.jpg,train\fitness
../../data/train\fitness\282058.jpg,train\fitness
../../data/train\fitness\282060.jpg,train\fitness
../../data/train\fitness\282062.jpg,train\fitness
../../data/train\fitness\282063.jpg,train\fitness
../../data/train\fitness\282064.jpg,train\fitness
../../data/train\fitness\282066.jpg,train\fitness
../../data/train\fitness\282067.jpg,train\fitness
../../data/train\fitness\282068.jpg,train\fitness
../../data/train\fitness\282069.jpg,train\fitness
../../data/train\fitness\282071.jpg,train\fitness
../../data/train\fitness\282072.jpg,train\fitness
../../data/train\fitness\282073.jpg,train\fitness
../../data/train\fitness\282075.jpg,train\fitness
../../data/train\fitness\282076.jpg,train\fitness
../../data/train\fitness\282077.jpg,train\fitness
../../data/train\fitness\282079.jpg,train\fitness
../../data/train\fitness\282080.jpg,train\fitness
../../data/train\fitness\282081.jpg,train\fitness
../../data/train\fitness\282082.jpg,train\fitness
../../data/train\fitness\282084.jpg,train\fitness
../../data/train\fitness\282085.jpg,train\fitness
../../data/train\fitness\282086.jpg,train\fitness
../../data/train\fitness\282088.jpg,train\fitness
../../data/train\fitness\282089.jpg,train\fitness
../../data/train\fitness\282090.jpg,train\fitness
../../data/train\fitness\282091.jpg,train\fitness
../../data/train\fitness\282092.jpg,train\fitness
../../data/train\fitness\282094.jpg,train\fitness
../../data/train\fitness\282095.jpg,train\fitness
../../data/train\fitness\282096.jpg,train\fitness
../../data/train\fitness\282097.jpg,train\fitness
../../data/train\fitness\282098.jpg,train\fitness
../../data/train\obj_car\273001.jpg,train\obj_car
../../data/train\obj_car\273011.jpg,train\obj_car
../../data/train\obj_car\273021.jpg,train\obj_car
../../data/train\obj_car\273022.jpg,train\obj_car
../../data/train\obj_car\273027.jpg,train\obj_car
../../data/train\obj_car\273061.jpg,train\obj_car
../../data/train\obj_car\273063.jpg,train\obj_car
../../data/train\obj_car\273064.jpg,train\obj_car
../../data/train\obj_car\273065.jpg,train\obj_car
../../data/train\obj_car\273066.jpg,train\obj_car
../../data/train\obj_car\273067.jpg,train\obj_car
../../data/train\obj_car\273098.jpg,train\obj_car
../../data/train\obj_car\29000.jpg,train\obj_car
../../data/train\obj_car\29002.jpg,train\obj_car
../../data/train\obj_car\29003.jpg,train\obj_car
../../data/train\obj_car\29005.jpg,train\obj_car
../../data/train\obj_car\29006.jpg,train\obj_car
../../data/train\obj_car\29007.jpg,train\obj_car
../../data/train\obj_car\29008.jpg,train\obj_car
../../data/train\obj_car\29009.jpg,train\obj_car
../../data/train\obj_car\29011.jpg,train\obj_car
../../data/train\obj_car\29012.jpg,train\obj_car
../../data/train\obj_car\29014.jpg,train\obj_car
../../data/train\obj_car\29015.jpg,train\obj_car
../../data/train\obj_car\29017.jpg,train\obj_car
../../data/train\obj_car\29019.jpg,train\obj_car
../../data/train\obj_car\29021.jpg,train\obj_car
../../data/train\obj_car\29022.jpg,train\obj_car
../../data/train\obj_car\29023.jpg,train\obj_car
../../data/train\obj_car\29024.jpg,train\obj_car
../../data/train\obj_car\29026.jpg,train\obj_car
../../data/train\obj_car\29029.jpg,train\obj_car
../../data/train\obj_car\29030.jpg,train\obj_car
../../data/train\obj_car\29032.jpg,train\obj_car
../../data/train\obj_car\29033.jpg,train\obj_car
../../data/train\obj_car\29034.jpg,train\obj_car
../../data/train\obj_car\29035.jpg,train\obj_car
../../data/train\obj_car\29036.jpg,train\obj_car
../../data/train\obj_car\29038.jpg,train\obj_car
../../data/train\obj_car\29039.jpg,train\obj_car
../../data/train\obj_car\29040.jpg,train\obj_car
../../data/train\obj_car\29041.jpg,train\obj_car
../../data/train\obj_car\29042.jpg,train\obj_car
../../data/train\obj_car\29044.jpg,train\obj_car
../../data/train\obj_car\29045.jpg,train\obj_car
../../data/train\obj_car\29047.jpg,train\obj_car
../../data/train\obj_car\29048.jpg,train\obj_car
../../data/train\obj_car\29051.jpg,train\obj_car
../../data/train\obj_car\29052.jpg,train\obj_car
../../data/train\obj_car\29054.jpg,train\obj_car
../../data/train\obj_car\29055.jpg,train\obj_car
../../data/train\obj_car\29057.jpg,train\obj_car
../../data/train\obj_car\29058.jpg,train\obj_car
../../data/train\obj_car\29060.jpg,train\obj_car
../../data/train\obj_car\29061.jpg,train\obj_car
../../data/train\obj_car\29062.jpg,train\obj_car
../../data/train\obj_car\29063.jpg,train\obj_car
../../data/train\obj_car\29064.jpg,train\obj_car
../../data/train\obj_car\29066.jpg,train\obj_car
../../data/train\obj_car\29067.jpg,train\obj_car
../../data/train\obj_car\29068.jpg,train\obj_car
../../data/train\obj_car\29069.jpg,train\obj_car
../../data/train\obj_car\29071.jpg,train\obj_car
../../data/train\obj_car\29072.jpg,train\obj_car
../../data/train\obj_car\29074.jpg,train\obj_car
../../data/train\obj_car\29075.jpg,train\obj_car
../../data/train\obj_car\29076.jpg,train\obj_car
../../data/train\obj_car\29077.jpg,train\obj_car
../../data/train\obj_car\29078.jpg,train\obj_car
../../data/train\obj_car\29080.jpg,train\obj_car
../../data/train\obj_car\29081.jpg,train\obj_car
../../data/train\obj_car\29084.jpg,train\obj_car
../../data/train\obj_car\29085.jpg,train\obj_car
../../data/train\obj_car\29086.jpg,train\obj_car
../../data/train\obj_car\29087.jpg,train\obj_car
../../data/train\obj_car\29089.jpg,train\obj_car
../../data/train\obj_car\29090.jpg,train\obj_car
../../data/train\obj_car\29091.jpg,train\obj_car
../../data/train\obj_car\29092.jpg,train\obj_car
../../data/train\obj_car\29094.jpg,train\obj_car
../../data/train\obj_car\29095.jpg,train\obj_car
../../data/train\obj_car\29096.jpg,train\obj_car
../../data/train\obj_car\29097.jpg,train\obj_car
../../data/train\obj_car\29098.jpg,train\obj_car
../../data/train\obj_car\354000.jpg,train\obj_car
../../data/train\obj_car\354002.jpg,train\obj_car
../../data/train\obj_car\354004.jpg,train\obj_car
../../data/train\obj_car\354005.jpg,train\obj_car
../../data/train\obj_car\354006.jpg,train\obj_car
../../data/train\obj_car\354008.jpg,train\obj_car
../../data/train\obj_car\354009.jpg,train\obj_car
../../data/train\obj_car\354010.jpg,train\obj_car
../../data/train\obj_car\354011.jpg,train\obj_car
../../data/train\obj_car\354013.jpg,train\obj_car
../../data/train\obj_car\354014.jpg,train\obj_car
../../data/train\obj_car\354015.jpg,train\obj_car
../../data/train\obj_car\354016.jpg,train\obj_car
../../data/train\obj_car\354018.jpg,train\obj_car
../../data/train\obj_car\354019.jpg,train\obj_car
../../data/train\obj_car\354020.jpg,train\obj_car
../../data/train\obj_car\354022.jpg,train\obj_car
../../data/train\obj_car\354023.jpg,train\obj_car
../../data/train\obj_car\354024.jpg,train\obj_car
../../data/train\obj_car\354025.jpg,train\obj_car
../../data/train\obj_car\354027.jpg,train\obj_car
../../data/train\obj_car\354028.jpg,train\obj_car
../../data/train\obj_car\354029.jpg,train\obj_car
../../data/train\obj_car\354030.jpg,train\obj_car
../../data/train\obj_car\354031.jpg,train\obj_car
../../data/train\obj_car\354033.jpg,train\obj_car
../../data/train\obj_car\354034.jpg,train\obj_car
../../data/train\obj_car\354036.jpg,train\obj_car
../../data/train\obj_car\354037.jpg,train\obj_car
../../data/train\obj_car\354039.jpg,train\obj_car
../../data/train\obj_car\354041.jpg,train\obj_car
../../data/train\obj_car\354042.jpg,train\obj_car
../../data/train\obj_car\354043.jpg,train\obj_car
../../data/train\obj_car\354044.jpg,train\obj_car
../../data/train\obj_car\354045.jpg,train\obj_car
../../data/train\obj_car\354047.jpg,train\obj_car
../../data/train\obj_car\354048.jpg,train\obj_car
../../data/train\obj_car\354049.jpg,train\obj_car
../../data/train\obj_car\354050.jpg,train\obj_car
../../data/train\obj_car\354051.jpg,train\obj_car
../../data/train\obj_car\354052.jpg,train\obj_car
../../data/train\obj_car\354053.jpg,train\obj_car
../../data/train\obj_car\354055.jpg,train\obj_car
../../data/train\obj_car\354056.jpg,train\obj_car
../../data/train\obj_car\354057.jpg,train\obj_car
../../data/train\obj_car\354058.jpg,train\obj_car
../../data/train\obj_car\354059.jpg,train\obj_car
../../data/train\obj_car\354060.jpg,train\obj_car
../../data/train\obj_car\354061.jpg,train\obj_car
../../data/train\obj_car\354063.jpg,train\obj_car
../../data/train\obj_car\354064.jpg,train\obj_car
../../data/train\obj_car\354065.jpg,train\obj_car
../../data/train\obj_car\354066.jpg,train\obj_car
../../data/train\obj_car\354068.jpg,train\obj_car
../../data/train\obj_car\354069.jpg,train\obj_car
../../data/train\obj_car\354072.jpg,train\obj_car
../../data/train\obj_car\354074.jpg,train\obj_car
../../data/train\obj_car\354075.jpg,train\obj_car
../../data/train\obj_car\354077.jpg,train\obj_car
../../data/train\obj_car\354078.jpg,train\obj_car
../../data/train\obj_car\354079.jpg,train\obj_car
../../data/train\obj_car\354080.jpg,train\obj_car
../../data/train\obj_car\354082.jpg,train\obj_car
../../data/train\obj_car\354083.jpg,train\obj_car
../../data/train\obj_car\354084.jpg,train\obj_car
../../data/train\obj_car\354086.jpg,train\obj_car
../../data/train\obj_car\354087.jpg,train\obj_car
../../data/train\obj_car\354089.jpg,train\obj_car
../../data/train\obj_car\354090.jpg,train\obj_car
../../data/train\obj_car\354091.jpg,train\obj_car
../../data/train\obj_car\354093.jpg,train\obj_car
../../data/train\obj_car\354095.jpg,train\obj_car
../../data/train\obj_car\354096.jpg,train\obj_car
../../data/train\obj_car\354097.jpg,train\obj_car
../../data/train\obj_car\354099.jpg,train\obj_car
../../data/train\obj_car\447000.jpg,train\obj_car
../../data/train\obj_car\447001.jpg,train\obj_car
../../data/train\obj_car\447003.jpg,train\obj_car
../../data/train\obj_car\447004.jpg,train\obj_car
../../data/train\obj_car\447006.jpg,train\obj_car
../../data/train\obj_car\447007.jpg,train\obj_car
../../data/train\obj_car\447009.jpg,train\obj_car
../../data/train\obj_car\447010.jpg,train\obj_car
../../data/train\obj_car\447012.jpg,train\obj_car
../../data/train\obj_car\447013.jpg,train\obj_car
../../data/train\obj_car\447014.jpg,train\obj_car
../../data/train\obj_car\447015.jpg,train\obj_car
../../data/train\obj_car\447016.jpg,train\obj_car
../../data/train\obj_car\447018.jpg,train\obj_car
../../data/train\obj_car\447019.jpg,train\obj_car
../../data/train\obj_car\447021.jpg,train\obj_car
../../data/train\obj_car\447022.jpg,train\obj_car
../../data/train\obj_car\447024.jpg,train\obj_car
../../data/train\obj_car\447025.jpg,train\obj_car
../../data/train\obj_car\447026.jpg,train\obj_car
../../data/train\obj_car\447027.jpg,train\obj_car
../../data/train\obj_car\447028.jpg,train\obj_car
../../data/train\obj_car\447029.jpg,train\obj_car
../../data/train\obj_car\447030.jpg,train\obj_car
../../data/train\obj_car\447032.jpg,train\obj_car
../../data/train\obj_car\447033.jpg,train\obj_car
../../data/train\obj_car\447034.jpg,train\obj_car
../../data/train\obj_car\447035.jpg,train\obj_car
../../data/train\obj_car\447036.jpg,train\obj_car
../../data/train\obj_car\447037.jpg,train\obj_car
../../data/train\obj_car\447038.jpg,train\obj_car
../../data/train\obj_car\447040.jpg,train\obj_car
../../data/train\obj_car\447041.jpg,train\obj_car
../../data/train\obj_car\447042.jpg,train\obj_car
../../data/train\obj_car\447044.jpg,train\obj_car
../../data/train\obj_car\447045.jpg,train\obj_car
../../data/train\obj_car\447046.jpg,train\obj_car
../../data/train\obj_car\447048.jpg,train\obj_car
../../data/train\obj_car\447049.jpg,train\obj_car
../../data/train\obj_car\447050.jpg,train\obj_car
../../data/train\obj_car\447051.jpg,train\obj_car
../../data/train\obj_car\447053.jpg,train\obj_car
../../data/train\obj_car\447054.jpg,train\obj_car
../../data/train\obj_car\447055.jpg,train\obj_car
../../data/train\obj_car\447056.jpg,train\obj_car
../../data/train\obj_car\447057.jpg,train\obj_car
../../data/train\obj_car\447058.jpg,train\obj_car
../../data/train\obj_car\447059.jpg,train\obj_car
../../data/train\obj_car\447061.jpg,train\obj_car
../../data/train\obj_car\447063.jpg,train\obj_car
../../data/train\obj_car\447065.jpg,train\obj_car
../../data/train\obj_car\447066.jpg,train\obj_car
../../data/train\obj_car\447068.jpg,train\obj_car
../../data/train\obj_car\447069.jpg,train\obj_car
../../data/train\obj_car\447070.jpg,train\obj_car
../../data/train\obj_car\447071.jpg,train\obj_car
../../data/train\obj_car\447072.jpg,train\obj_car
../../data/train\obj_car\447074.jpg,train\obj_car
../../data/train\obj_car\447075.jpg,train\obj_car
../../data/train\obj_car\447076.jpg,train\obj_car
../../data/train\obj_car\447077.jpg,train\obj_car
../../data/train\obj_car\447078.jpg,train\obj_car
../../data/train\obj_car\447079.jpg,train\obj_car
../../data/train\obj_car\447080.jpg,train\obj_car
../../data/train\obj_car\447081.jpg,train\obj_car
../../data/train\obj_car\447082.jpg,train\obj_car
../../data/train\obj_car\447083.jpg,train\obj_car
../../data/train\obj_car\447084.jpg,train\obj_car
../../data/train\obj_car\447085.jpg,train\obj_car
../../data/train\obj_car\447086.jpg,train\obj_car
../../data/train\obj_car\447088.jpg,train\obj_car
../../data/train\obj_car\447089.jpg,train\obj_car
../../data/train\obj_car\447090.jpg,train\obj_car
../../data/train\obj_car\447091.jpg,train\obj_car
../../data/train\obj_car\447092.jpg,train\obj_car
../../data/train\obj_car\447093.jpg,train\obj_car
../../data/train\obj_car\447094.jpg,train\obj_car
../../data/train\obj_car\447096.jpg,train\obj_car
../../data/train\obj_car\447097.jpg,train\obj_car
../../data/train\obj_car\447098.jpg,train\obj_car
../../data/train\obj_car\447099.jpg,train\obj_car
../../data/train\obj_car\521001.jpg,train\obj_car
../../data/train\obj_car\521002.jpg,train\obj_car
../../data/train\obj_car\521003.jpg,train\obj_car
../../data/train\obj_car\521005.jpg,train\obj_car
../../data/train\obj_car\521007.jpg,train\obj_car
../../data/train\obj_car\521008.jpg,train\obj_car
../../data/train\obj_car\521009.jpg,train\obj_car
../../data/train\obj_car\521010.jpg,train\obj_car
../../data/train\obj_car\521011.jpg,train\obj_car
../../data/train\obj_car\521012.jpg,train\obj_car
../../data/train\obj_car\521013.jpg,train\obj_car
../../data/train\obj_car\521014.jpg,train\obj_car
../../data/train\obj_car\521016.jpg,train\obj_car
../../data/train\obj_car\521017.jpg,train\obj_car
../../data/train\obj_car\521018.jpg,train\obj_car
../../data/train\obj_car\521019.jpg,train\obj_car
../../data/train\obj_car\521020.jpg,train\obj_car
../../data/train\obj_car\521021.jpg,train\obj_car
../../data/train\obj_car\521022.jpg,train\obj_car
../../data/train\obj_car\521023.jpg,train\obj_car
../../data/train\obj_car\521026.jpg,train\obj_car
../../data/train\obj_car\521027.jpg,train\obj_car
../../data/train\obj_car\521028.jpg,train\obj_car
../../data/train\obj_car\521029.jpg,train\obj_car
../../data/train\obj_car\521030.jpg,train\obj_car
../../data/train\obj_car\521031.jpg,train\obj_car
../../data/train\obj_car\521032.jpg,train\obj_car
../../data/train\obj_car\521033.jpg,train\obj_car
../../data/train\obj_car\521034.jpg,train\obj_car
../../data/train\obj_car\521035.jpg,train\obj_car
../../data/train\obj_car\521037.jpg,train\obj_car
../../data/train\obj_car\521038.jpg,train\obj_car
../../data/train\obj_car\521039.jpg,train\obj_car
../../data/train\obj_car\521040.jpg,train\obj_car
../../data/train\obj_car\521041.jpg,train\obj_car
../../data/train\obj_car\521043.jpg,train\obj_car
../../data/train\obj_car\521044.jpg,train\obj_car
../../data/train\obj_car\521045.jpg,train\obj_car
../../data/train\obj_car\521046.jpg,train\obj_car
../../data/train\obj_car\521047.jpg,train\obj_car
../../data/train\obj_car\521048.jpg,train\obj_car
../../data/train\obj_car\521049.jpg,train\obj_car
../../data/train\obj_car\521051.jpg,train\obj_car
../../data/train\obj_car\521052.jpg,train\obj_car
../../data/train\obj_car\521053.jpg,train\obj_car
../../data/train\obj_car\521054.jpg,train\obj_car
../../data/train\obj_car\521055.jpg,train\obj_car
../../data/train\obj_car\521056.jpg,train\obj_car
../../data/train\obj_car\521057.jpg,train\obj_car
../../data/train\obj_car\521059.jpg,train\obj_car
../../data/train\obj_car\521060.jpg,train\obj_car
../../data/train\obj_car\521061.jpg,train\obj_car
../../data/train\obj_car\521062.jpg,train\obj_car
../../data/train\obj_car\521063.jpg,train\obj_car
../../data/train\obj_car\521064.jpg,train\obj_car
../../data/train\obj_car\521065.jpg,train\obj_car
../../data/train\obj_car\521067.jpg,train\obj_car
../../data/train\obj_car\521068.jpg,train\obj_car
../../data/train\obj_car\521069.jpg,train\obj_car
../../data/train\obj_car\521070.jpg,train\obj_car
../../data/train\obj_car\521072.jpg,train\obj_car
../../data/train\obj_car\521073.jpg,train\obj_car
../../data/train\obj_car\521074.jpg,train\obj_car
../../data/train\obj_car\521075.jpg,train\obj_car
../../data/train\obj_car\521076.jpg,train\obj_car
../../data/train\obj_car\521077.jpg,train\obj_car
../../data/train\obj_car\521078.jpg,train\obj_car
../../data/train\obj_car\521079.jpg,train\obj_car
../../data/train\obj_car\521080.jpg,train\obj_car
../../data/train\obj_car\521081.jpg,train\obj_car
../../data/train\obj_car\521082.jpg,train\obj_car
../../data/train\obj_car\521083.jpg,train\obj_car
../../data/train\obj_car\521084.jpg,train\obj_car
../../data/train\obj_car\521085.jpg,train\obj_car
../../data/train\obj_car\521086.jpg,train\obj_car
../../data/train\obj_car\521087.jpg,train\obj_car
../../data/train\obj_car\521088.jpg,train\obj_car
../../data/train\obj_car\521089.jpg,train\obj_car
../../data/train\obj_car\521090.jpg,train\obj_car
../../data/train\obj_car\521091.jpg,train\obj_car
../../data/train\obj_car\521092.jpg,train\obj_car
../../data/train\obj_car\521093.jpg,train\obj_car
../../data/train\obj_car\521094.jpg,train\obj_car
../../data/train\obj_car\521095.jpg,train\obj_car
../../data/train\obj_car\521096.jpg,train\obj_car
../../data/train\obj_car\521097.jpg,train\obj_car
../../data/train\obj_car\521098.jpg,train\obj_car
../../data/train\obj_car\521099.jpg,train\obj_car